mens:30.png,0.76573384,0.28006554,0.0074699954,0.0,0.0,0.0,0.007944281,0.27046126,0.11027136,0.001659999,0.0,0.0,0.0,0.0064028534,0.0037942834,0.0,0.0,0.0,0.0,0.0,0.0,0.0,0.0,0.0,0.0,0.0,0.0,0.0,0.0,0.0,0.0,0.0,0.0,0.0,0.0,0.0,0.0,0.0,0.0,0.0,0.0,0.0,0.0,0.0,0.0,0.0,0.0,0.0,0.0,0.0,0.0,0.0,0.0,0.0,0.0,0.0,0.0,0.0,0.0,0.0,0.0,0.0,0.0,0.0,0.0,0.0,0.0,0.0,0.0,0.0,0.0,0.0,0.0,0.0,0.0,0.0,0.0,0.0,0.0,0.0,0.0,0.0,0.0,0.0,0.0,0.0,0.0,0.0,0.0,0.0,0.0,0.0,0.0,0.0,0.0,0.0,0.3770569,0.025967127,0.000118571355,0.00023714271,0.00047428542,0.0,0.0,0.00023714271,0.0,0.0,0.0,0.0,0.0,0.000118571355,0.0,0.0,0.0,0.0,0.0,0.0,0.0,0.0,0.0,0.0,0.0,0.0,0.0,0.0,0.0,0.0,0.0,0.0,0.0,0.0,0.0,0.0,0.0,0.0,0.0,0.0,0.0,0.0,0.0,0.0,0.0,0.0,0.0,0.0,0.20643273,0.25350556,0.001659999,0.0,0.0,0.0,0.0,0.0,0.0,0.0,0.0,0.0,0.0,0.0,0.0,0.0,0.0,0.0,0.0,0.0,0.0,0.0,0.0,0.0,0.0,0.0,0.0,0.0,0.0,0.0,0.0,0.0,0.0,0.0,0.0,0.0,0.0,0.0,0.0,0.0,0.0,0.0,0.0,0.0,0.0,0.0,0.0,0.0
mens:31.png,0.0,0.018438848,0.0,0.012531255,0.00035803588,0.0,0.022914296,0.016290633,0.005370538,0.06140315,0.0008950897,0.0,0.026673673,0.038667876,0.054958507,0.04958797,0.003043305,0.0,0.019333938,0.07500852,0.059075918,0.04350136,0.0025062512,0.0,0.04851386,0.10615764,0.07321834,0.03884689,0.0017901794,0.0,0.043859396,0.05656967,0.03204421,0.029179923,0.0050125024,0.0,0.055853598,0.20211124,0.0918362,0.06623664,0.0,0.0,0.020408046,0.03025403,0.0,0.0,0.0,0.0,0.0,0.01915492,0.047618773,0.0,0.002864287,0.00017901794,0.0,0.023630368,0.0,0.0,0.0,0.0,0.0,0.0,0.0,0.0,0.0,0.0,0.0,0.0,0.0,0.0,0.0,0.0,0.0,0.0,0.0,0.0,0.0,0.0,0.0,0.0,0.0,0.0,0.0,0.0,0.0,0.0,0.0,0.0,0.0,0.0,0.0,0.0,0.0,0.0,0.0,0.0,0.0,0.03741475,0.0,0.016827686,0.0,0.0,0.048334844,0.014679471,0.0,0.0,0.0021482152,0.0,0.042248234,0.0,0.013784382,0.0,0.0,0.0,0.0,0.055853598,0.03025403,0.0,0.0041174125,0.0,0.029895995,0.102040224,0.0,0.0039383946,0.0,0.0,0.03222323,0.027568763,0.041174125,0.0,0.0,0.0,0.0,0.14052908,0.0379518,0.0,0.0,0.0,0.041353144,0.82455665,0.3941975,0.032581266,0.0,0.0,0.0,0.0,0.0,0.0,0.0,0.0,0.026315637,0.017901793,0.0,0.0,0.0,0.0,0.0,0.0,0.0,0.0,0.0,0.0,0.0,0.01987099,0.0,0.0,0.0,0.0,0.0,0.0,0.0,0.0,0.0,0.0,0.0,0.0,0.0,0.0,0.0,0.0,0.0,0.0,0.029537959,0.0042964304,0.0,0.0,0.0,0.010562059,0.009129914,0.012710273,0.0,0.0
mens:33.png,0.0025591115,0.006824297,0.009241235,0.0140751125,0.17259784,0.01848247,0.0,0.0008530371,0.0034121484,0.028008051,0.022321139,0.0895689,0.0012795557,0.0032699755,0.0041230125,0.008672544,0.0890002,0.05786435,0.0,0.0025591115,0.010236446,0.014643804,0.18326081,0.0042651854,0.0,0.006113433,0.028292397,0.05829087,0.07805289,0.0,0.0,0.0,0.035543215,0.027012842,0.016065532,0.0,0.0,0.0,0.0,0.010947309,0.0045495313,0.0,0.0,0.0,0.0,0.0,0.0,0.0,0.0027012841,0.0,0.006113433,0.0,0.0,0.0,0.0,0.010662964,0.00696647,0.007819507,0.0,0.0,0.0,0.00895689,0.0032699755,0.0,0.0,0.0,0.0,0.0015639013,0.0,0.0,0.0,0.0,0.0,0.00071086426,0.0005686914,0.0,0.0,0.0,0.0,0.0,0.0,0.0,0.0,0.0,0.0,0.0,0.0,0.0,0.0,0.0,0.0,0.0,0.0,0.0,0.0,0.0,0.0,0.0,0.0,0.013364248,0.0,0.0,0.00895689,0.022036793,0.027012842,0.0,0.0,0.0,0.0012795557,0.0005686914,0.0,0.0,0.0,0.0,0.0,0.0062556053,0.0,0.0,0.0,0.0,0.0,0.0,0.0,0.0,0.0,0.0,0.0,0.0,0.0,0.0,0.0,0.0,0.0,0.0,0.0,0.0,0.0,0.0,0.0,0.0,0.0,0.0,0.0,0.0,0.0,0.0,0.0,0.0,0.60722023,0.49945322,0.0,0.0,0.0,0.020615064,0.528883,0.0,0.0,0.0,0.018624643,0.038671017,0.012653383,0.0,0.0,0.0,0.0,0.0,0.0,0.0,0.0,0.0,0.0,0.0,0.0,0.0,0.0,0.0,0.0,0.0,0.0,0.0,0.0,0.0,0.0,0.0,0.0,0.0,0.0,0.0,0.0,0.0,0.0,0.0
mens:32.png,0.0,0.0,0.05097863,0.075655244,0.036941037,0.0,0.105651364,0.20302793,0.035906687,0.012707717,0.015958529,0.0,0.1154038,0.008570321,0.009013613,0.0032508112,0.08466886,0.0,0.1018095,0.005171745,0.0033985754,0.070779026,0.18588729,0.0,0.02172133,0.04033961,0.019800397,0.08496439,0.01640182,0.0,0.10047962,0.036793273,0.041521724,0.036497746,0.0,0.0,0.0,0.018470518,0.0,0.0,0.0,0.0,0.0,0.0,0.0,0.0,0.0,0.0,0.0,0.0,0.0,0.11643815,0.019652631,0.0,0.0,0.003841868,0.015663,0.06738045,0.0,0.0,0.0,0.0,0.0017731697,0.0,0.0,0.0,0.0,0.0,0.0,0.0,0.0,0.0,0.0,0.0,0.0,0.0,0.0,0.0,0.0,0.0,0.0,0.0,0.0,0.0,0.0,0.0,0.0,0.0,0.0,0.0,0.0,0.0,0.0,0.0,0.0,0.0,0.0,0.0,0.0,0.0,0.87387717,0.0,0.0,0.0,0.0,0.0,0.0,0.0,0.0,0.0,0.0,0.0,0.0,0.0,0.0,0.0,0.0,0.0,0.0,0.0,0.0,0.0,0.0,0.0,0.0,0.0,0.0,0.0,0.0,0.0,0.0,0.0,0.0,0.0,0.0,0.0,0.0,0.0,0.0,0.0,0.0,0.0,0.0,0.0,0.0,0.0,0.0,0.18987693,0.14938955,0.0,0.0,0.0,0.0,0.0,0.0,0.0,0.0,0.0,0.0,0.0,0.0,0.0,0.0,0.0,0.0,0.0,0.0,0.0,0.0,0.0,0.0,0.0,0.0,0.0,0.0,0.0,0.0,0.0,0.0,0.0,0.0,0.0,0.0,0.0,0.0,0.0,0.0,0.0,0.0,0.0,0.0,0.0
womens:29.png,0.0,0.05551386,0.0015266311,0.00027756928,0.00013878464,0.33030745,0.0,0.01373968,0.0016654157,0.019568635,0.023177035,0.7247334,0.0,0.020540128,0.05343209,0.044411086,0.17764434,0.32711542,0.0,0.0,0.054542363,0.06425729,0.18902469,0.34043872,0.0,0.0,0.020401342,0.11491369,0.20234801,0.05495872,0.0,0.0,0.0,0.016099019,0.0,0.0,0.0,0.0,0.0,0.0,0.0,0.0,0.0,0.0,0.0,0.0,0.0,0.0,0.0,0.0,0.0,0.0,0.0,0.0,0.0,0.0,0.0,0.008743432,0.023732174,0.0,0.0,0.013323326,0.01165791,0.009992494,0.0,0.0,0.0,0.0,0.0,0.0,0.0,0.0,0.0,0.0,0.0,0.0,0.0,0.0,0.0,0.0,0.0,0.0,0.0,0.0,0.0,0.0,0.0,0.0,0.0,0.0,0.0,0.0,0.0,0.0,0.0,0.0,0.0,0.0044411086,0.00027756928,0.00013878464,0.0,0.0,0.0,0.0,0.00041635393,0.0,0.0,0.0,0.0,0.00027756928,0.0,0.0,0.0,0.0,0.0,0.0,0.0,0.0,0.0,0.0,0.0,0.0,0.0,0.0,0.0,0.0,0.0,0.0,0.0,0.0,0.0,0.0,0.0,0.0,0.0,0.0,0.0,0.0,0.0,0.0,0.0,0.0,0.0,0.0,0.0,0.0,0.0,0.0,0.0,0.0,0.0,0.0,0.0,0.0,0.0,0.0,0.0,0.0,0.0,0.0,0.0,0.0,0.0,0.0,0.0,0.0,0.0,0.0,0.0,0.0,0.0,0.0,0.0,0.0,0.0,0.0,0.0,0.0,0.0,0.0,0.0,0.0,0.0,0.0,0.0,0.0,0.0,0.0,0.0,0.0,0.0,0.0
mens:35.png,0.0,0.0021908625,0.0,0.0,0.15652496,0.00024342917,0.013145175,0.04333039,0.0024342916,0.009737167,0.059396718,0.0,0.016066326,0.029698359,0.04016581,0.050633267,0.08471335,0.0,0.015336038,0.04746869,0.14703122,0.19133532,0.0,0.0,0.0,0.13047804,0.14167577,0.12560946,0.0,0.0,0.0,0.045521256,0.0026777207,0.00292115,0.0,0.0,0.0,0.0,0.0,0.0,0.0,0.0,0.0,0.0,0.0,0.0,0.0,0.0,0.0,0.0,0.0094937375,0.14143234,0.008276592,0.0,0.0,0.0,0.0038948667,0.0,0.0,0.0,0.0,0.0,0.0,0.0,0.0,0.0,0.0,0.0,0.0,0.0,0.0,0.0,0.0,0.0,0.0,0.0,0.0,0.0,0.0,0.0,0.0,0.0,0.0,0.0,0.0,0.0,0.0,0.0,0.0,0.0,0.0,0.0,0.0,0.0,0.0,0.0,0.0,0.19474334,0.04454754,0.0,0.006085729,0.0,0.23466572,0.0701076,0.012658317,0.0,0.0,0.0,0.2237114,0.017040042,0.00024342917,0.0,0.0,0.0,0.23004057,0.0,0.0,0.0,0.0,0.0,0.30404302,0.0,0.0,0.0,0.0,0.0,0.0,0.0,0.0,0.0,0.0,0.0,0.0,0.0,0.0,0.0,0.0,0.0,0.0,0.0,0.0,0.0,0.0,0.0,0.0,0.087634504,0.034566943,0.0,0.05501499,0.0,0.33325452,0.057936143,0.008276592,0.0,0.0,0.0,0.36587405,0.030672075,0.013875462,0.0094937375,0.0,0.0,0.2845687,0.025560062,0.0,0.0,0.0,0.0,0.18938789,0.012171458,0.0,0.0,0.0,0.0,0.2621732,0.0,0.0,0.0,0.0,0.0,0.27896982,0.0,0.0,0.0,0.0,0.0,0.0,0.0,0.0,0.0,0.0,0.0
mens:34.png,0.0,0.0,0.0,0.0005753293,0.00043149697,0.12556562,0.0,0.0,0.0051779635,0.018122872,0.029197961,0.0,0.0,0.0,0.018698202,0.054800116,0.01797904,0.0,0.0,0.0,0.0063286223,0.004027305,0.0024451495,0.0,0.0,0.0,0.0,0.0,0.0046026343,0.0,0.0,0.0,0.0,0.0,0.0,0.0,0.0,0.0,0.0,0.0,0.0,0.0,0.0,0.0,0.0,0.0,0.0,0.0,0.0,0.0,0.0,0.0,0.00043149697,0.07824478,0.0,0.0,0.0,0.0,0.0,0.0,0.0,0.0,0.0,0.0,0.0,0.0,0.0,0.0,0.0,0.0,0.0,0.0,0.0,0.0,0.0,0.0,0.0,0.0,0.0,0.0,0.0,0.0,0.0,0.0,0.0,0.0,0.0,0.0,0.0,0.0,0.0,0.0,0.0,0.0,0.0,0.0,0.0,0.0043149698,0.003595808,0.0,0.007910778,0.19661878,0.010787425,0.014958561,0.0074792807,0.004171137,0.0051779635,0.0,0.037540235,0.056669936,0.040560715,0.07206,0.0073354486,0.0,0.013376406,0.09320334,0.08442958,0.035238918,0.0,0.0,0.0988128,0.56569254,0.5806511,0.11808634,0.0,0.0,0.0,0.20050226,0.4267505,0.025026824,0.0,0.0,0.0,0.0,0.0,0.0,0.0,0.0,0.0,0.0,0.0,0.0,0.0,0.0,0.0,0.0,0.0017259879,0.00043149697,0.0,0.0028766464,0.007623113,0.027328141,0.009636765,0.0,0.0,0.0,0.0,0.016972214,0.0136640705,0.0,0.0,0.0,0.0,0.0014383232,0.0,0.0,0.0,0.0,0.0,0.0,0.0,0.0,0.0,0.0,0.0,0.0,0.0,0.0,0.0,0.0,0.0,0.0,0.0,0.0,0.0,0.0,0.0,0.0,0.0,0.0,0.0,0.0
womens:28.png,0.0,0.0,0.0,0.0,0.0002110093,0.07279821,0.0,0.0,0.0,0.00010550465,0.04515599,0.0043256907,0.0,0.0,0.0,0.00010550465,0.050747737,0.0032706442,0.0,0.00010550465,0.0,0.0008440372,0.0017935791,0.0052752327,0.0,0.0,0.0002110093,0.0002110093,0.003059635,0.0029541303,0.0,0.0,0.0,0.0007385326,0.00770184,0.0042201863,0.0,0.0047477093,0.0,0.0028486256,0.04357342,0.021417445,0.0,0.0,0.016880745,0.037770666,0.37538555,0.8945739,0.0,0.0,0.0,0.0,0.0007385326,0.026481668,0.0,0.0,0.0,0.0,0.0013715605,0.043467917,0.0,0.0,0.0,0.0,0.00010550465,0.014348633,0.0,0.0,0.0,0.0,0.0,0.0,0.0,0.0,0.0,0.0,0.0,0.0,0.0,0.0,0.0,0.0,0.0,0.0,0.0,0.0,0.0,0.0,0.0,0.0,0.0,0.0,0.0,0.0,0.0,0.0,0.0,0.0,0.0,0.0,0.0,0.08714684,0.0,0.0,0.0,0.0,0.0,0.15287624,0.0,0.0,0.0,0.0,0.0,0.1043441,0.0,0.0,0.0,0.0,0.0,0.0,0.0,0.0,0.0,0.0,0.0,0.0,0.0,0.0,0.0,0.0,0.0,0.0,0.0,0.0,0.0,0.0,0.0,0.0,0.0,0.0,0.0,0.0,0.0,0.0,0.0,0.0,0.0,0.0,0.0,0.0,0.0,0.0,0.0,0.0,0.0,0.0,0.0,0.0,0.0,0.0,0.0,0.0,0.0,0.0,0.0,0.0,0.0,0.0,0.0,0.0,0.0,0.0,0.0,0.0,0.0,0.0,0.0,0.0,0.0,0.0,0.0,0.0,0.0,0.0,0.0,0.0,0.0,0.0,0.0,0.0,0.0,0.0
sneakers:15.png,0.9445973,0.052503396,0.021149777,0.0015769571,0.0005565731,0.0,0.021057015,0.1633542,0.007792023,0.0024118167,0.0004638109,0.0,0.010111078,0.0009276218,0.0014841949,0.0033394385,0.0,0.0,0.0039887736,0.006586115,0.007977547,0.010945938,0.0005565731,0.0,0.0,0.006771639,0.02977666,0.053431015,0.0005565731,0.0,0.0,0.0,0.0,0.0,0.0,0.0,0.0,0.0,0.0,0.0,0.0,0.0,0.0,0.0,0.0,0.0,0.0,0.0,0.0,0.0064005903,0.018645199,0.00426706,0.00807031,0.0,0.0,0.0,0.0,0.0,0.0,0.0,0.0,0.0,0.0,0.0,0.0,0.0,0.0,0.0,0.0,0.0,0.0,0.0,0.0,0.0,0.0,0.0,0.0,0.0,0.0,0.0,0.0,0.0,0.0,0.0,0.0,0.0,0.0,0.0,0.0,0.0,0.0,0.0,0.0,0.0,0.0,0.0,0.22095951,0.017161004,0.06957164,0.06372762,0.056306645,0.00027828655,0.0,0.0,0.0,0.0,0.0,0.0,0.0,0.0,0.0,0.0,0.0,0.0,0.0,0.0,0.0,0.0,0.0,0.0,0.0,0.0,0.0,0.0,0.0,0.0,0.0,0.0,0.0,0.0,0.0,0.0,0.0,0.0,0.0,0.0,0.0,0.0,0.0,0.0,0.0,0.0,0.0,0.0,0.10528508,0.0,0.0,0.0,0.0,0.0,0.019665582,0.0,0.0,0.0,0.0,0.0,0.0,0.0,0.0,0.0,0.0,0.0,0.0,0.0,0.0008348596,0.0026901031,0.00064933527,0.0,0.0,0.0,0.0,0.0,0.0,0.0,0.0,0.0,0.006678877,0.0011131462,0.0,0.0,0.0,0.0,0.0,0.0,0.0,0.0,0.0,0.0,0.0,0.0,0.0,0.0
sneakers:14.png,0.0,0.0,0.0,0.0,0.0,0.0,0.0,0.0,0.0,0.0,0.0,0.0,0.0,0.0,0.0,0.0,0.0,0.0,0.0,0.0,0.0,0.0,0.0,0.0,0.0,0.0,0.0,0.0,0.0,0.0,0.0,0.0,0.0,0.0,0.0,0.0,0.0,0.0,0.0,0.0,0.0,0.0,0.0,0.0,0.0,0.0,0.0,0.0,0.0,0.0,0.0,0.0,0.0,0.0,0.0,0.0,0.0,0.0,0.0,0.0,0.0,0.0,0.0,0.0,0.0,0.0,0.0,0.0,0.0,0.0,0.0,0.0,0.0,0.0,0.0,0.0,0.0,0.0,0.0,0.0,0.0,0.0,0.0,0.0,0.0,0.0,0.0,0.0,0.0,0.0,0.0,0.0,0.0,0.0,0.0,0.0,0.0,0.0,0.0,0.036820877,0.15682967,0.39930198,0.2921123,0.0,0.04104846,0.122599885,0.21124274,0.0,0.560632,0.24792725,0.43312263,0.24683626,0.0,0.0,0.0,0.0,0.0,0.0,0.0,0.0,0.0,0.0,0.0,0.0,0.0,0.0,0.0,0.0,0.0,0.0,0.0,0.0,0.0,0.0,0.0,0.0,0.0,0.0,0.0,0.0,0.0,0.0,0.0,0.0,0.0,0.0,0.0,0.0,0.00490945,0.0,0.0,0.0,0.0,0.005182198,0.004091209,0.0,0.0,0.01691033,0.0064095603,0.004363956,0.0,0.0,0.0,0.0,0.014046483,0.0,0.0,0.0,0.0,0.009137033,0.0,0.0,0.0,0.0,0.02972945,0.08018769,0.0034093405,0.0,0.0042275824,0.0,0.0,0.15001099,0.06777769,0.0920522,0.005454945,0.0,0.0,0.0,0.0,0.0,0.0,0.0
jackets:19.png,0.0011894817,0.089720905,0.22362256,0.19983293,0.28360644,0.022090375,0.00050977786,0.0016992596,0.003908297,0.0,0.0037383712,0.0,0.0,0.0,0.0015293336,0.0042481488,0.0008496298,0.0,0.0,0.0013594077,0.0015293336,0.0057774824,0.0008496298,0.0,0.0,0.0,0.0015293336,0.0042481488,0.00067970384,0.0,0.0,0.0,0.0,0.0,0.0,0.0,0.0,0.0,0.0,0.0,0.0027188153,0.0,0.0,0.0,0.011724891,0.003908297,0.0027188153,0.0,0.0042481488,0.07561705,0.05046801,0.0,0.0,0.012914373,0.013594077,0.0,0.0,0.0,0.0,0.0,0.0037383712,0.0,0.0,0.0,0.0,0.0,0.017502373,0.0,0.0,0.0,0.0,0.0,0.005267705,0.0,0.0,0.0,0.0,0.0,0.0,0.0,0.0,0.0,0.0,0.0,0.0,0.0,0.0,0.0,0.0,0.0,0.0,0.0,0.0,0.0,0.0,0.0,0.0,0.036534082,0.0,0.0,0.0,0.0,0.012574521,0.024469338,0.004418075,0.0,0.0,0.0,0.04078223,0.010365483,0.018012151,0.0032285932,0.0,0.0,0.059983864,0.0222603,0.02990697,0.0057774824,0.0,0.0,0.13135277,0.061853047,0.03415512,0.0066271126,0.0,0.0,0.046559714,0.05675527,0.0929495,0.0030586673,0.0,0.0,0.011385039,0.10620373,0.10127587,0.0013594077,0.0,0.0,0.63773215,0.5629647,0.14477691,0.0,0.0,0.0,0.0,0.0,0.0,0.0,0.0,0.0,0.0,0.0,0.0,0.0,0.0,0.0,0.0,0.0,0.0,0.0,0.0,0.0,0.0,0.0,0.0,0.0,0.0,0.0,0.0,0.0,0.0,0.0,0.0,0.0,0.0,0.0,0.0,0.0,0.0,0.0,0.0,0.0,0.0,0.0,0.0,0.0,0.0,0.0,0.0,0.0,0.0,0.0
sneakers:16.png,0.0,0.0,0.0,0.0,0.0,0.0,0.0,0.0,0.0,0.002523365,0.0,0.0,0.0,0.0,0.0,0.0036336454,0.0,0.0,0.0,0.015039255,0.0036336454,0.0,0.0060560755,0.008478506,0.0,0.0,0.0,0.0,0.0,0.0,0.0,0.0,0.0,0.009689721,0.0,0.01009346,0.0,0.0,0.0,0.0,0.011809347,0.0066616833,0.0,0.0,0.0,0.0,0.0,0.0,0.0,0.0,0.0,0.0,0.0,0.0,0.0,0.0,0.0,0.0,0.0,0.0,0.0,0.0,0.0,0.0,0.0,0.0,0.0,0.0,0.0,0.0,0.0,0.0,0.0,0.0,0.0,0.0,0.0,0.0,0.0,0.0,0.0,0.0,0.0,0.0,0.0,0.0,0.0,0.0,0.0,0.0,0.0,0.0,0.0,0.0,0.0,0.0,0.0,0.0,0.0,0.030179443,0.03340935,0.0,0.038254213,0.008175702,0.026343929,0.0104971975,0.0,0.0,0.800916,0.03401496,0.0,0.0,0.0,0.0,0.2348748,0.021700937,0.0,0.0,0.005450468,0.0,0.027050471,0.00989159,0.0048448606,0.002725234,0.0,0.0,0.0,0.0,0.0,0.0,0.0,0.0,0.0,0.0,0.0,0.0,0.0,0.0,0.0,0.0,0.0,0.0,0.0,0.0,0.0,0.0,0.0,0.0,0.06924113,0.5393945,0.0,0.0,0.0,0.0,0.0,0.0,0.0,0.0,0.0,0.0,0.0,0.0,0.0,0.0,0.0,0.0,0.0,0.0,0.0,0.0,0.0,0.0,0.0,0.0,0.0,0.0,0.0,0.0,0.0,0.0,0.0,0.0,0.0,0.0,0.0,0.0,0.0,0.0,0.0,0.0,0.0,0.0
sneakers:17.png,0.19563487,0.0067571253,0.016088394,0.0,0.0030567949,0.0040220986,0.0,0.048426066,0.014640438,0.030728832,0.0012870715,0.0054700538,0.011905411,0.030889716,0.16474515,0.020593144,0.029924413,0.018984305,0.04488662,0.059848826,0.05067844,0.07223689,0.12082384,0.0,0.0,0.0891297,0.7049934,0.14978294,0.042634245,0.0,0.0,0.29232612,0.44902706,0.01641016,0.0,0.0,0.0,0.0,0.0,0.0,0.0,0.0,0.0,0.0,0.0,0.0,0.0,0.0,0.0,0.0,0.0,0.0,0.0,0.0,0.0,0.0,0.0,0.0,0.0,0.0,0.0,0.0,0.0,0.0,0.0,0.0,0.0,0.0,0.0,0.0,0.0,0.0,0.0,0.0,0.0,0.0,0.0,0.0,0.0,0.0,0.0,0.0,0.0,0.0,0.0,0.0,0.0,0.0,0.0,0.0,0.0,0.0,0.0,0.0,0.0,0.0,0.054057002,0.0,0.0,0.0074006612,0.041508056,0.010296572,0.0020914911,0.0,0.0135142505,0.019466957,0.10730959,0.0,0.007722429,0.0109401075,0.018340768,0.074489266,0.23633851,0.0,0.0,0.0033785626,0.032659438,0.05518319,0.0,0.0,0.0,0.0016088394,0.0016088394,0.00032176787,0.0,0.0,0.0028959108,0.0008044197,0.00016088394,0.0,0.0,0.0,0.0,0.0014479554,0.0,0.0,0.0,0.0,0.0,0.0,0.0,0.0,0.0,0.0,0.019627841,0.0,0.0,0.0,0.0012870715,0.0,0.0,0.0,0.00032176787,0.0032176787,0.0020914911,0.0,0.0,0.0,0.004987402,0.0008044197,0.0,0.0,0.0,0.005148286,0.0009653036,0.0,0.0,0.0,0.0,0.0,0.0,0.0,0.0,0.0,0.0,0.0,0.0,0.0,0.0,0.0,0.0,0.0,0.0,0.0,0.0,0.0,0.0,0.0,0.0,0.0,0.0,0.0
jackets:18.png,0.1304592,0.00093990786,0.0020677974,0.0,0.0,0.0,0.0,0.00037596314,0.0005639447,0.0,0.0,0.0,0.0041355947,0.00028197234,0.0,0.0,0.0,0.0,0.0,0.0,0.0,0.0,0.0,0.0,0.0,0.001315871,0.00046995393,0.0,0.0,0.0,0.0040416038,0.0005639447,0.0,0.0,0.0,0.0,0.0,0.0,0.0,0.0,0.0,0.011654858,0.0,0.0,0.0,0.0,0.0,0.0,0.0,0.0,0.0,0.0,0.0,0.0,0.0,0.0,0.0,0.0,0.0,0.0,0.0,0.0,0.0,0.0,0.0,0.0,0.0,0.0,0.0,0.0,0.0,0.0,0.0,0.0,0.0,0.0,0.0,0.0,0.0,0.0,0.0,0.0,0.0,0.0,0.0,0.0,0.0,0.0,0.0,0.0,0.0,0.0,0.0,0.0,0.0,0.0,0.17773657,0.048593234,0.00046995393,0.0,0.0,0.0,0.81142247,0.072372906,9.3990784e-05,0.0,0.0,0.0,0.4965533,0.013722654,0.0,0.0,0.0,0.0,0.19286908,0.0,0.0,0.0,0.0,0.0,0.0,0.0,0.0,0.0,0.0,0.0,0.0024437604,0.0,0.0,0.0,0.0,0.0,0.018798158,0.0,0.0,0.0,0.0,0.0,0.0,0.0,0.0,0.0,0.0,0.0,0.0070493086,0.013252701,0.0014098617,0.0,0.0,0.0,0.002537751,0.00046995393,0.0,0.0,0.0,0.0,0.0,0.0,0.0,0.0,0.0,0.0,0.0,0.0,0.0,0.0,0.0,0.0,0.0,0.0,0.0,0.0,0.0,0.0,0.0,0.006673346,0.0,0.0,0.0,0.0,0.0,0.0,0.003007705,0.007331281,0.009117106,0.021711871,0.0,0.0,0.0,0.0,0.0,0.0
jackets:20.png,0.0,0.04120277,0.040599063,0.22261569,0.15983051,0.0,0.01946944,0.010866664,0.04225925,0.05101295,0.0075462945,0.0,0.00075462944,0.008753701,0.013885181,0.0128287,0.08361294,0.016601847,0.04512684,0.01101759,0.0055842577,0.0028675918,0.026562955,0.4511175,0.0,0.06323795,0.010866664,0.033807397,0.015696293,0.5320138,0.0,0.042108323,0.1054972,0.12572126,0.54091835,0.21582402,0.0,0.0,0.0,0.10308238,0.1859407,0.0,0.0,0.0,0.0,0.0,0.0,0.0,0.00060370355,0.0,0.014187033,0.015243514,0.00015092589,0.0,0.0048296284,0.0,0.002716666,0.0,0.0,0.0,0.018111106,0.0,0.0,0.0,0.0,0.0,0.0,0.0,0.0,0.0,0.0,0.0,0.0,0.0,0.0,0.0,0.0,0.0,0.0,0.0,0.0,0.0,0.0,0.0,0.0,0.0,0.0,0.0,0.0,0.0,0.0,0.0,0.0,0.0,0.0,0.0,0.0,0.0,0.0,0.0,0.0,0.0,0.00075462944,0.008753701,0.0009055553,0.0,0.0,0.0,0.0,0.0,0.0,0.0,0.0,0.0,0.0,0.0,0.0,0.0,0.0,0.0,0.0,0.0,0.0,0.0,0.0,0.0,0.0,0.0,0.0,0.0,0.0,0.0,0.0,0.0,0.0,0.0,0.0,0.0,0.0,0.0,0.0,0.0,0.0,0.0,0.0,0.0,0.0,0.0,0.0,0.0,0.0,0.0,0.0,0.0,0.0,0.0,0.0,0.0,0.0,0.0,0.0,0.0,0.0,0.0,0.0,0.0,0.0,0.0,0.0,0.0,0.0,0.0,0.0,0.0,0.0,0.0,0.0,0.0,0.0,0.0,0.0,0.0,0.0,0.0,0.0,0.0,0.0,0.0,0.0,0.0,0.0,0.0
sneakers:13.png,0.0,0.023420729,0.0,0.0,0.0,0.0,0.0,0.0,0.0,0.0,0.0,0.0,0.0,0.0,0.0,0.0,0.0,0.0,0.0,0.08015094,0.09719603,0.0,0.20284954,0.0,0.0,0.0,0.12465033,0.23928179,0.0,0.0,0.0,0.0,0.0,0.0,0.0,0.0,0.0,0.0,0.0,0.0,0.0,0.0,0.0,0.0,0.0,0.0,0.0,0.0,0.0,0.0,0.0,0.0,0.0,0.0,0.0,0.0,0.0,0.0,0.0,0.0,0.0,0.0,0.0,0.0,0.0,0.0,0.0,0.0,0.0,0.0,0.0,0.0,0.0,0.0,0.0,0.0,0.0,0.0,0.0,0.0,0.0,0.0,0.0,0.0,0.0,0.0,0.0,0.0,0.0,0.0,0.0,0.0,0.0,0.0,0.0,0.0,0.0,0.0,0.5047167,0.05946263,0.0,0.0,0.0,0.12842366,0.0,0.0,0.0,0.0,0.0,0.20480126,0.0,0.0,0.0,0.0,0.09810683,0.0,0.0,0.0,0.0,0.0,0.0,0.0,0.0,0.0,0.0,0.0,0.42430556,0.0,0.0,0.0,0.0,0.0,0.0,0.0,0.0,0.0,0.0,0.0,0.16758834,0.0,0.0,0.0,0.0,0.0,0.0,0.0,0.0,0.061544474,0.48259714,0.31383777,0.0,0.0,0.0,0.0,0.0,0.0,0.0,0.0,0.0,0.0,0.0,0.0,0.0,0.0,0.0,0.0,0.0,0.0,0.0,0.0,0.0,0.0,0.0,0.0,0.0,0.0,0.0,0.0,0.0,0.0,0.0,0.0,0.0,0.0,0.0,0.0,0.0,0.0,0.0,0.0,0.0,0.0
sneakers:12.png,0.0,0.0,0.0,0.0,0.01817449,0.29935077,0.0,0.0,0.0,0.0,0.0008453251,0.0,0.0,0.0,0.0,0.0,0.0,0.0,0.0,0.0,0.0,0.0,0.0,0.0,0.0,0.0,0.0,0.0,0.0,0.0,0.0,0.0,0.0,0.0,0.0,0.0,0.0,0.0,0.0,0.0,0.0,0.0,0.0,0.0,0.0,0.0,0.0,0.0,0.0,0.0,0.0,0.0,0.0,0.0,0.0,0.0,0.0,0.0,0.0,0.0,0.0,0.0,0.0,0.0,0.0,0.0,0.0,0.0,0.0,0.0,0.0,0.0,0.0,0.0,0.0,0.0,0.0,0.0,0.0,0.0,0.0,0.0,0.0,0.0,0.0,0.0,0.0,0.0,0.0,0.0,0.0,0.0,0.0,0.0,0.0,0.0,0.0,0.0,0.0,0.26120546,0.1571248,0.0993257,0.0,0.019442478,0.065512694,0.03508099,0.018702818,0.00412096,0.0,0.055157464,0.01627251,0.04173793,0.0,0.0,0.0,0.037194304,0.01891415,0.0,0.0,0.0,0.0,0.042054925,0.02884672,0.0,0.0,0.0,0.0,0.07946056,0.0,0.0,0.0,0.0,0.6623122,0.5350908,0.0,0.0,0.0,0.0,0.24493295,0.0,0.0,0.0,0.0,0.0,0.0,0.0,0.0,0.0,0.01627251,0.0,0.0,0.007924923,0.0012679877,0.0015849846,0.0,0.0,0.0,0.0,0.0,0.0,0.0,0.0,0.0,0.0,0.0,0.0,0.0,0.0,0.0,0.0,0.0,0.0,0.0,0.0,0.0,0.0,0.0,0.0,0.0,0.0,0.0,0.0,0.0,0.0,0.0,0.0,0.0,0.0,0.0,0.0,0.0,0.0
jackets:21.png,0.4900955,0.0073407553,0.028829148,0.006406477,0.0,0.0,0.5340066,0.1577595,0.009876653,0.0010677462,0.0,0.0,0.16309823,0.026560187,0.0045379214,0.0017350876,0.0,0.0,0.0,0.25545827,0.00854197,0.004004048,0.0,0.0,0.0,0.074608766,0.3693067,0.09663103,0.0,0.0,0.0,0.0,0.0,0.0,0.0,0.0,0.0,0.0,0.0,0.0,0.0,0.0,0.0,0.0,0.0,0.0,0.0,0.0,0.39092857,0.018018218,0.0012012145,0.0018685558,0.0,0.0,0.22702953,0.0,0.0,0.0,0.0,0.0,0.004404453,0.0,0.0,0.0,0.0,0.0,0.0,0.0,0.0,0.0,0.0,0.0,0.0,0.0,0.0,0.0,0.0,0.0,0.0,0.0,0.0,0.0,0.0,0.0,0.0,0.0,0.0,0.0,0.0,0.0,0.0,0.0,0.0,0.0,0.0,0.0,0.0,0.0,0.0,0.0005338731,0.00040040482,0.0,0.0017350876,0.0,0.0,0.0,0.0,0.0,0.006406477,0.0,0.0,0.0,0.0,0.0,0.0,0.0,0.0,0.0,0.0,0.0,0.0,0.0,0.0,0.0,0.0,0.0,0.0,0.0,0.0,0.0,0.0,0.0,0.0,0.0,0.0,0.0,0.0,0.0,0.0,0.0,0.0,0.0,0.0,0.0,0.0,0.0,0.0,0.0,0.0,0.0,0.0,0.0,0.0,0.0,0.0,0.0,0.0,0.0,0.0,0.0,0.0,0.0,0.0,0.0,0.0,0.0,0.0,0.0,0.0,0.0,0.0,0.0,0.0,0.0,0.0,0.0,0.0,0.0,0.0,0.0,0.0,0.0,0.0,0.0,0.0,0.0,0.0,0.0,0.0,0.0,0.0,0.0
sneakers:10.png,0.0,0.0095809465,0.082267165,0.11220762,0.07738457,0.22754748,0.0,0.0,0.0,0.0,0.0,0.0,0.0,0.0,0.0,0.0,0.010041569,0.0,0.0,0.0,0.0,0.0,0.0,0.021741379,0.0,0.0,0.0,0.0,0.0,0.08079317,0.0,0.0,0.0,0.0,0.0063565895,0.0,0.0,0.0,0.0,0.0,0.0,0.0,0.0,0.0,0.0,0.0,0.0,0.0,0.0,0.06623751,0.0,0.0,0.0,0.0,0.0,0.0,0.0,0.0,0.0,0.0,0.0,0.0,0.0,0.0,0.0,0.0,0.0,0.0,0.0,0.0,0.0,0.0,0.0,0.0,0.0,0.0,0.0,0.0,0.0,0.0,0.0,0.0,0.0,0.0,0.0,0.0,0.0,0.0,0.0,0.0,0.0,0.0,0.0,0.0,0.0,0.0,0.0,0.08328053,0.0,0.0,0.0,0.0,0.754131,0.5648152,0.0,0.0,0.0,0.0,0.0,0.0,0.0,0.0,0.0,0.0,0.0,0.0,0.0,0.023307495,0.0,0.0,0.0,0.0,0.0,0.0,0.00046062242,0.0,0.0,0.0,0.0,0.0,0.0,0.0,0.0,0.0,0.0,0.0,0.0,0.0,0.0,0.0,0.0,0.00018424897,0.0,0.0,0.0,0.0,0.0,0.0,0.0,0.12667117,0.0,0.0,0.0,0.0,0.0,0.0,0.0,0.0,0.0,0.0,0.0,0.0,0.0,0.0,0.0,0.0,0.0,0.0,0.0,0.0,0.0,0.0,0.0,0.0,0.0,0.0,0.0,0.0,0.0,0.0,0.0,0.0,0.0,0.0,0.0,0.0,0.0,0.0,0.0,0.0,0.0,0.0
hats:8.png,0.0,0.0,0.0,0.0,0.0,0.0,0.053175114,0.0,0.0,0.009872904,0.039145198,0.0,0.4700888,0.0,0.0,0.014722751,0.003897199,0.0,0.559811,0.0,0.009786299,0.0,0.046160158,0.0,0.06495331,0.021910919,0.0,0.0035507812,0.0,0.0,0.305627,0.15744683,0.0045900345,0.0,0.038712177,0.0,0.0,0.2310606,0.0,0.0,0.0,0.0,0.0,0.0,0.017927116,0.0046766386,0.0023383193,0.28224382,0.0,0.0,0.0,0.0,0.0,0.0,0.0,0.0,0.0,0.12704869,0.0,0.0,0.0,0.0,0.0,0.0,0.0,0.0,0.0,0.0,0.0,0.0,0.0,0.0,0.0,0.0,0.0,0.0,0.0,0.0,0.0,0.0,0.0,0.0,0.0,0.0,0.0,0.0,0.0,0.0,0.0,0.0,0.0,0.0,0.0,0.0,0.0,0.0,0.0,0.0,0.0,0.0,0.0,0.0,0.0,0.0,0.0,0.23383194,0.0,0.0,0.05802496,0.14116521,0.32675847,0.0,0.0,0.0,0.0,0.0,0.0,0.0,0.0,0.0,0.0,0.0,0.0,0.0,0.0,0.0,0.0,0.0,0.0,0.0,0.0,0.0,0.0,0.0,0.0,0.0,0.0,0.0,0.0,0.0,0.0,0.0,0.0,0.0,0.0,0.0,0.0,0.0,0.0,0.0,0.0,0.0,0.0,0.0,0.0,0.0,0.0,0.0,0.0,0.0,0.0,0.0,0.0,0.0,0.0,0.0,0.0,0.0,0.0,0.0,0.0,0.0,0.0,0.0,0.0,0.0,0.0,0.0,0.0,0.0,0.0,0.0,0.0,0.0,0.0,0.0,0.0,0.0,0.0,0.0,0.0,0.0
hats:9.png,0.0,0.0,0.0,0.0,0.0,0.062268887,0.2979518,0.0,0.0,0.0,0.070691064,0.029408587,0.0,0.0,0.0,0.0227813,0.09278202,0.0,0.0,0.0,0.024161985,0.042387024,0.0,0.0,0.26260626,0.15808842,0.063235365,0.046805218,0.0,0.0,0.0,0.0,0.0,0.0,0.0,0.0,0.0,0.0,0.0,0.027613698,0.0,0.0,0.0,0.0,0.0,0.0,0.0,0.0,0.0,0.0,0.0,0.0,0.0,0.0,0.0,0.0,0.0,0.0,0.0,0.0,0.0,0.0,0.0,0.0,0.0,0.0,0.0,0.0,0.0,0.0,0.0,0.0,0.0,0.0,0.0,0.0,0.0,0.0,0.0,0.0,0.0,0.0,0.0,0.0,0.0,0.0,0.0,0.0,0.0,0.0,0.0,0.0,0.0,0.0,0.0,0.0,0.0,0.0,0.0,0.0,0.0,0.0,0.0,0.0,0.0,0.0,0.14221054,0.5166523,0.0,0.028304039,0.0,0.04915238,0.25307953,0.0,0.0,0.020572204,0.040315997,0.040315997,0.011459684,0.0,0.0,0.0,0.0,0.0038659177,0.0,0.0,0.0,0.0,0.0,0.0,0.0,0.0,0.0,0.0,0.0,0.0,0.0,0.0,0.0,0.0,0.0,0.0,0.0,0.0,0.0,0.0,0.00911252,0.0056608077,0.005522739,0.0,0.5595916,0.017120492,0.007179561,0.0,0.0,0.023333574,0.28193584,0.01822504,0.0,0.0,0.0,0.026233012,0.19012031,0.0,0.0,0.0,0.0,0.0,0.0,0.0,0.0,0.0,0.0,0.0,0.0,0.0,0.0,0.0,0.0,0.0,0.0,0.0,0.0,0.0,0.0,0.0,0.0,0.0,0.0,0.0,0.0,0.0
sneakers:11.png,0.0,0.0,0.0,0.0,0.0,0.0,0.0,0.0,0.0,0.0,0.0,0.0,0.0,0.0,0.0,0.0,0.0,0.0,0.0,0.0,0.0,0.0,0.0,0.0,0.0,0.0,0.0,0.0,0.0,0.0,0.0,0.0,0.0,0.0,0.0,0.0,0.0,0.0,0.0,0.0,0.0,0.0,0.0,0.0,0.0,0.0,0.0,0.0,0.0,0.0,0.0,0.0,0.0,0.0,0.0,0.0,0.0,0.0,0.0,0.0,0.0,0.0,0.0,0.0,0.0,0.0,0.0,0.0,0.0,0.0,0.0,0.0,0.0,0.0,0.0,0.0,0.0,0.0,0.0,0.0,0.0,0.0,0.0,0.0,0.0,0.0,0.0,0.0,0.0,0.0,0.0,0.0,0.0,0.0,0.0,0.0,0.0,0.0,0.0,0.0,0.0,0.32173198,0.0,0.0,0.0,0.0,0.16086599,0.1625227,0.0,0.016567044,0.017064055,0.099402264,0.13651244,0.019714782,0.18919565,0.4663623,0.031808726,0.041748952,0.062292084,0.0,0.35337505,0.03031769,0.079853155,0.0952605,0.014578999,0.0,0.5501915,0.0019880454,0.0074551697,0.014247658,0.0,0.0,0.322229,0.0,0.0036447498,0.0,0.0,0.0,0.0,0.0,0.0,0.0,0.0,0.0,0.0,0.0,0.0,0.0,0.0,0.0,0.0,0.0,0.0,0.0,0.055830937,0.0,0.0,0.0,0.0,0.053842895,0.014247658,0.00016567044,0.0,0.0,0.017561067,0.0,0.0,0.0,0.0,0.0,0.0,0.00016567044,0.0,0.0,0.0,0.0,0.0,0.0,0.0,0.0,0.0,0.0,0.0,0.0,0.0,0.0,0.0,0.0,0.0,0.0,0.0,0.0
jackets:22.png,0.0,0.10342011,0.0017648482,0.002117818,0.00035296966,0.0,0.0,0.09812556,0.0035296965,0.0012353938,0.00017648483,0.0,0.0,0.14277622,0.0033532118,0.00017648483,0.033002663,0.22731246,0.0,0.16536628,0.40415025,0.29137644,0.62087363,0.059298903,0.0,0.0,0.15565962,0.2954356,0.31855512,0.0,0.0,0.0,0.0,0.0014118786,0.006176969,0.0,0.0,0.0,0.0,0.0,0.0,0.0,0.0,0.0,0.0,0.0,0.0,0.0,0.018530907,0.030178906,0.0008824241,0.0,0.0,0.0,0.09318399,0.12177453,0.0,0.0,0.0,0.0,0.0,0.0,0.0,0.0,0.0,0.0,0.0,0.0,0.0,0.0,0.0,0.0,0.0,0.0,0.0,0.0,0.0,0.0,0.0,0.0,0.0,0.0,0.0,0.0,0.0,0.0,0.0,0.0,0.0,0.0,0.0,0.0,0.0,0.0,0.0,0.0,0.0,0.0017648482,0.0005294545,0.0022943027,0.0007059393,0.0,0.022060603,0.06000484,0.0,0.0,0.0,0.0,0.0,0.0,0.0,0.0,0.0,0.0,0.0,0.0,0.0,0.0,0.0,0.0,0.0,0.0,0.0,0.0,0.0,0.0,0.0,0.0,0.0,0.0,0.0,0.0,0.0,0.0,0.0,0.0,0.0,0.0,0.0,0.0,0.0,0.0,0.0,0.0,0.0,0.0,0.0,0.001058909,0.004235636,0.001058909,0.0,0.0,0.0,0.0,0.0,0.0,0.0,0.0,0.0,0.0,0.0,0.0,0.0,0.0,0.0,0.0,0.0,0.0,0.0,0.0,0.0,0.0,0.0,0.0,0.0,0.0,0.0,0.0,0.0,0.0,0.0,0.0,0.0,0.0,0.0,0.0,0.0,0.0,0.0,0.0,0.0,0.0
hats:4.png,0.0,0.05876024,0.032022774,0.03248913,0.061713796,0.08658586,0.0,0.025649311,0.24638884,0.06746546,0.014767785,0.011347877,0.0,0.010881525,0.11394512,0.0048189615,0.045080606,0.00031090074,0.0,0.015078686,0.026737463,0.034509983,0.005129862,0.0054407627,0.0,0.0,0.019742196,0.062491048,0.017876793,0.0009327022,0.0,0.0,0.0,0.00015545037,0.00015545037,0.00015545037,0.0,0.0,0.0,0.0,0.0,0.0,0.0,0.0,0.0,0.0,0.0,0.0,0.0,0.0,0.0,0.0,0.0,0.0,0.0,0.0,0.0,0.0,0.0,0.0,0.0,0.0,0.0,0.0,0.0,0.0,0.0,0.0,0.0,0.0,0.0,0.0,0.0,0.0,0.0,0.0,0.0,0.0,0.0,0.0,0.0,0.0,0.0,0.0,0.0,0.0,0.0,0.0,0.0,0.0,0.0,0.0,0.0,0.0,0.0,0.0,0.0,0.062491048,0.090783015,0.18327598,0.10959251,0.11487782,0.0,0.017721342,0.03419908,0.058293886,0.02596021,0.07881334,0.0,0.0,0.02953557,0.09249297,0.8478263,0.22586939,0.0,0.0,0.0,0.0,0.08922851,0.0,0.0,0.0,0.0,0.0,0.0004663511,0.0,0.0,0.0,0.0,0.0,0.0,0.0,0.0,0.0,0.0,0.0,0.0,0.0,0.0,0.0,0.0,0.0,0.0,0.0,0.0,0.0124360295,0.1055508,0.0425934,0.09777828,0.048345063,0.0,0.0,0.0,0.0,0.0,0.0,0.0,0.0,0.0,0.0,0.0,0.0,0.0,0.0,0.0,0.0,0.0,0.0,0.0,0.0,0.0,0.0,0.0,0.0,0.0,0.0,0.0,0.0,0.0,0.0,0.0,0.0,0.0,0.0,0.0,0.0,0.0,0.0,0.0,0.0,0.0,0.0
hats:5.png,0.0,0.0,0.0,0.0,0.0016925074,0.0,0.0,0.0,0.0,0.0,0.0,0.0,0.0,0.0050775222,0.0056929793,0.0,0.0,0.0,0.0,0.0,0.016001888,0.002461829,0.0,0.0,0.0,0.0,0.0,0.0,0.038773805,0.0,0.09847316,0.08462537,0.05539115,0.08785652,0.22017983,0.0,0.0,0.0,0.091856994,0.08570242,0.0,0.0,0.0,0.0,0.0,0.0,0.0,0.0,0.0,0.0,0.0,0.033080827,0.0,0.0,0.0,0.0,0.21017864,0.027387848,0.0,0.0,0.11970644,0.30249724,0.0763167,0.0,0.0,0.0,0.0,0.0,0.0,0.0,0.0,0.0,0.0,0.0,0.0,0.0,0.0,0.0,0.0,0.0,0.0,0.0,0.0,0.0,0.0,0.0,0.0,0.0,0.0,0.0,0.0,0.0,0.0,0.0,0.0,0.0,0.0,0.0,0.0,0.0,0.25218362,0.0038466079,0.0,0.0,0.0,0.018309854,0.45974657,0.0,0.0,0.0,0.0,0.046774752,0.05092909,0.0,0.5006745,0.10401227,0.010001181,0.0073854867,0.0,0.0,0.45328426,0.03108059,0.020310089,0.0,0.0,0.0,0.0,0.0,0.0,0.0,0.0,0.0,0.0,0.0,0.0,0.0,0.0,0.0,0.0,0.0,0.0,0.0,0.0,0.0,0.0,0.0,0.0,0.0,0.0,0.0,0.0,0.0,0.0,0.0,0.0,0.0,0.0,0.0,0.0,0.0,0.0,0.0,0.0,0.0,0.0,0.0,0.0,0.0,0.0,0.0,0.0,0.0,0.0,0.0,0.0,0.0,0.0,0.0,0.0,0.0,0.0,0.0,0.0,0.0,0.0,0.0,0.0,0.0,0.0,0.0,0.0,0.0
hats:7.png,0.0,0.0,0.0,0.059716966,0.25327116,0.0,0.0,0.0,0.026055371,0.03026307,0.017639972,0.0,0.0,0.0,0.031557746,0.007929895,0.019420153,0.0,0.0,0.0,0.06877971,0.023304183,0.0014565114,0.0004855038,0.10276497,0.25569868,0.040620483,0.03544178,0.002427519,0.0,0.3793403,0.5099408,0.17397219,0.004369534,0.0004855038,0.0,0.0,0.07185456,0.0341471,0.06942704,0.030910408,0.0,0.0,0.3273914,0.36121482,0.20261692,0.0,0.0,0.0,0.0,0.0,0.0,0.08480133,0.0,0.0,0.0,0.0,0.0,0.0,0.0,0.0,0.0,0.0,0.0,0.0,0.0,0.0,0.0,0.0,0.0,0.0,0.0,0.05631844,0.0,0.0,0.0,0.0,0.0,0.0,0.0,0.0,0.0,0.0,0.0,0.0,0.0,0.0,0.0,0.0,0.0,0.0,0.0,0.0,0.0,0.0,0.0,0.0,0.0,0.0,0.019096483,0.32010883,0.08107913,0.0,0.0,0.0,0.0,0.0,0.0,0.0,0.0,0.0,0.0,0.0,0.0,0.0,0.0,0.0,0.0,0.0,0.0,0.0,0.0,0.0,0.0,0.0,0.0,0.0,0.0,0.0,0.0,0.0,0.0,0.0,0.0,0.0,0.0,0.0,0.0,0.0,0.0,0.0,0.0,0.0,0.0,0.0,0.0,0.0,0.0,0.0,0.0,0.0,0.0,0.0,0.0,0.0,0.0,0.0,0.0,0.0,0.0,0.0,0.0,0.0,0.0,0.0,0.0,0.0,0.0,0.0,0.0,0.0,0.0,0.0,0.0,0.0,0.0,0.0,0.0,0.0,0.0,0.0,0.0,0.0,0.0,0.0,0.0,0.0,0.0,0.0,0.0,0.0,0.0
hats:6.png,0.0,0.0,0.010489167,0.009361299,0.009022939,0.0048498297,0.010827526,0.03800913,0.017820304,0.013985556,0.009925233,0.0012406542,0.006428844,0.009248513,0.014436702,0.0095868725,0.01071474,0.0032708154,0.0,0.13793817,0.04218224,0.014662276,0.01973768,0.018384239,0.0,0.040603224,0.093838565,0.07500318,0.07274745,0.019286532,0.0,0.0,0.04037765,0.022557348,0.0,0.004737043,0.0,0.0,0.0,0.0,0.0037219622,0.0,0.0,0.0,0.0,0.0,0.0,0.0,0.0,0.0,0.0,0.0,0.0,0.0,0.0,0.0,0.0,0.0,0.0,0.0,0.0,0.0,0.0,0.0,0.0,0.0,0.0,0.0,0.0,0.0,0.0,0.0,0.0,0.0,0.0,0.0,0.0,0.0,0.0,0.0,0.0,0.0,0.0,0.0,0.0,0.0,0.0,0.0,0.0,0.0,0.0,0.0,0.0,0.0,0.0,0.0,0.07680777,0.0,0.0,0.31264484,0.7590547,0.12620836,0.0,0.02526423,0.15079586,0.47133577,0.099365115,0.0,0.0,0.0,0.0,0.0,0.0,0.0,0.0,0.0,0.0,0.0,0.0,0.0,0.0,0.0,0.0,0.0,0.0,0.0,0.0,0.0,0.0,0.0,0.0,0.0,0.0,0.0,0.0,0.0,0.0,0.0,0.0,0.0,0.0,0.0,0.0,0.0,0.0,0.0,0.0,0.0,0.012406541,0.0,0.0,0.0,0.0,0.0,0.0,0.0,0.0,0.0,0.0,0.0,0.0,0.0,0.0,0.0,0.0,0.0,0.0,0.0,0.0,0.0,0.0,0.0,0.0,0.0,0.0,0.0,0.0,0.0,0.0,0.0,0.0,0.0,0.0,0.0,0.0,0.0,0.0,0.0,0.0,0.0,0.0,0.0
hats:2.png,0.04513834,0.009279311,0.01195301,0.06055143,0.49982455,0.41631076,0.030668907,0.01682858,0.074234486,0.10380245,0.14312157,0.015727645,0.0,0.031612564,0.07218989,0.06778615,0.017143132,0.0,0.0,0.09074851,0.06983074,0.023748742,0.0,0.0,0.0,0.0,0.0,0.0,0.0,0.0,0.0,0.0,0.0,0.0,0.0,0.0,0.0,0.0,0.0,0.0,0.0,0.0,0.0,0.0,0.0,0.0,0.0,0.0,0.0,0.004561017,0.0,0.0026736995,0.003145529,0.0,0.0,0.029725248,0.0072347163,0.0,0.0,0.0,0.0,0.0,0.0,0.0,0.0,0.0,0.0,0.0,0.0,0.0,0.0,0.0,0.0,0.0,0.0,0.0,0.0,0.0,0.0,0.0,0.0,0.0,0.0,0.0,0.0,0.0,0.0,0.0,0.0,0.0,0.0,0.0,0.0,0.0,0.0,0.0,0.0,0.0,0.0,0.0,0.0,0.15098539,0.0,0.0,0.0,0.0,0.012267563,0.0,0.0,0.0,0.0,0.010694798,0.02925342,0.0,0.0,0.0,0.0,0.042307362,0.0,0.0,0.0,0.0,0.03790362,0.072818995,0.0,0.0,0.0,0.01415488,0.09892689,0.033971712,0.0,0.0,0.0,0.04199281,0.33059508,0.0,0.0,0.0,0.031769842,0.5333244,0.0,0.0,0.0,0.0,0.0,0.0,0.0,0.0,0.0,0.0,0.064955175,0.0,0.0,0.0,0.0,0.00094365864,0.0,0.0,0.0,0.0,0.00094365864,0.0,0.04513834,0.0,0.03192712,0.0,0.0,0.0,0.048126593,0.23292641,0.054260373,0.00078638224,0.0011009352,0.0003145529,0.0,0.0,0.0,0.0012582116,0.0003145529,0.0,0.0,0.0,0.00094365864,0.00094365864,0.00047182932,0.0,0.0,0.0033028054,0.004561017,0.002830976,0.0034600818,0.0
hats:3.png,0.0,0.016649943,0.03645461,0.098497555,0.0,0.0,0.0,0.021557294,0.010515753,0.21820188,0.20277877,0.025588334,0.0,0.073785536,0.3196789,0.3107405,0.2148719,0.039609335,0.0,0.0,0.0,0.33264834,0.3188026,0.064146094,0.0,0.0,0.0,0.0,0.0,0.004381564,0.0,0.0,0.0,0.0,0.0,0.0,0.0,0.0,0.0,0.0,0.0,0.0,0.0,0.0,0.0,0.0,0.0,0.0,0.0,0.0,0.0,0.0012268379,0.0,0.0,0.0,0.0,0.0,0.0,0.0,0.0,0.0,0.0,0.0,0.0,0.0,0.0,0.0,0.0,0.0,0.0,0.0,0.0,0.0,0.0,0.0,0.0,0.0,0.0,0.0,0.0,0.0,0.0,0.0,0.0,0.0,0.0,0.0,0.0,0.0,0.0,0.0,0.0,0.0,0.0,0.0,0.0,0.0,0.012618904,0.009814703,0.031196734,0.018052043,0.011742591,0.0,0.14073583,0.01857783,0.046970364,0.066249244,0.012618904,0.44358954,0.037856713,0.0101652285,0.012443641,0.017701518,0.010515753,0.050475616,0.06922871,0.0045568263,0.010866279,0.009814703,0.01787678,0.0,0.034701984,0.019629406,0.004732089,0.0064847143,0.013495217,0.0,0.0,0.006659977,0.006134189,0.015598367,0.0,0.0,0.0,0.0,0.0,0.0,0.0,0.0,0.0,0.0,0.0,0.021382032,0.0,0.0,0.034000937,0.0,0.006309452,0.0,0.0,0.0,0.012268378,0.015247842,0.0068352395,0.012969429,0.026114121,0.05485718,0.4222075,0.0120931165,0.0077115525,0.004206301,0.008062078,0.0,0.0655482,0.034877248,0.005958927,0.004381564,0.033299886,0.0,0.022608869,0.018928356,0.012794167,0.004381564,0.010691016,0.0,0.009814703,0.018227305,0.0,0.0014021004,0.0070105023,0.0,0.0,0.0,0.003154726,0.0017526256,0.0,0.0,0.0,0.0,0.0,0.0,0.0
hats:1.png,0.0,0.4128185,0.0053371247,0.0005660587,0.0,0.0,0.0,0.43279228,0.07221291,0.010350787,0.0,0.0,0.0,0.0005660587,0.13011263,0.027817741,0.0,0.0,0.0,0.0,0.0,0.0,0.0,0.0,0.0,0.0,0.0,0.0,0.0,0.0,0.0,0.0,0.0,0.0,0.0,0.0,0.0,0.0,0.0,0.0,0.0,0.0,0.0,0.0,0.0,0.0,0.0,0.0,0.7725083,0.14976294,0.00024259658,8.0865524e-05,0.0,0.0,0.0,0.0,0.0039624106,0.0019407726,0.0,0.0,0.0,0.0,0.0,0.0,0.0,0.0,0.0,0.0,0.0,0.0,0.0,0.0,0.0,0.0,0.0,0.0,0.0,0.0,0.0,0.0,0.0,0.0,0.0,0.0,0.0,0.0,0.0,0.0,0.0,0.0,0.0,0.0,0.0,0.0,0.0,0.0,0.0,0.0,0.0,0.0,0.0,0.0,0.0,0.0,0.0,0.0,0.0,0.0,0.0,0.0,0.0,0.0,0.0,0.0,0.0,0.0,0.0,0.0,0.0,0.0,0.0,0.0,0.0,0.0,0.0,0.0,0.0,0.0,0.0,0.0,0.0,0.0,0.0,0.0,0.0,0.0,0.0,0.0,0.0,0.0,0.0,0.0,0.0,0.0,0.0,0.0,0.0,0.0,0.0,0.0,0.0,0.0,0.0,0.0,0.0,0.0,0.0,0.0,0.0,0.0,0.0,0.0,0.0,0.0,0.0,0.0,0.0,0.0,0.0,0.0,0.0,0.0,0.0,0.0,0.0,0.0,0.0,0.0,0.0,0.0,0.0,0.0,0.0,0.0,0.0,0.0,0.0,0.0,0.0,0.0,0.0,0.0
womens:25.png,0.0,0.005988697,0.00790508,0.064917475,0.15151404,0.9320808,0.0055096014,0.005629375,0.04838867,0.058090363,0.09761576,0.074978486,0.0,0.0069468888,0.05713217,0.0767751,0.061803352,0.10336491,0.0,0.015211291,0.046711836,0.08839317,0.117498234,0.16049708,0.0,0.010300559,0.023954788,0.021798857,0.010180785,0.008623724,0.0,0.014372873,0.021080213,0.00730621,0.0197627,0.008024854,0.0,0.01581016,0.0,0.0,0.0,0.0,0.0,0.0,0.0,0.0,0.0,0.0,0.0,0.0,0.0,0.0,0.00790508,0.0,0.0,0.0,0.0,0.0,0.0,0.0,0.0,0.0,0.0,0.0,0.0,0.0,0.0,0.0,0.0,0.0,0.0,0.0,0.0,0.0,0.0,0.0,0.0,0.0,0.0,0.0,0.0,0.0,0.0,0.0,0.0,0.0,0.0,0.0,0.0,0.0,0.0,0.0,0.0,0.0,0.0,0.0,0.005988697,0.01125875,0.014372873,0.05234121,0.0022757049,0.0,0.0,0.0,0.0035932183,0.031740095,0.014492647,0.0170079,0.0,0.0,0.0033536702,0.0,0.00035932183,0.002155931,0.0,0.0,0.0,0.0,0.00023954788,0.0,0.0,0.0,0.0,0.0,0.0,0.0,0.0,0.0,0.0,0.0,0.0,0.0,0.0,0.0,0.0,0.0,0.0,0.0,0.0,0.0,0.0,0.0,0.0,0.0,0.0,0.0064677927,0.028146876,0.0252723,0.0,0.0,0.0,0.0,0.014851969,0.0,0.0,0.0,0.0,0.0,0.0,0.0,0.0,0.0,0.0,0.0,0.0,0.0114982985,0.0,0.0,0.0,0.0,0.010540106,0.0033536702,0.0,0.0,0.0064677927,0.0,0.0,0.0,0.0,0.0,0.0,0.0,0.008983046,0.0,0.0,0.0,0.0,0.0,0.0,0.0,0.0,0.0
womens:24.png,0.0,0.0046931603,0.015711885,0.10263737,0.13569355,0.0,0.26322508,0.035504777,0.02754681,0.12753153,0.3191349,0.0,0.33382654,0.19956134,0.04591135,0.026730608,0.5040046,0.0,0.089374095,0.17181048,0.13283685,0.25812382,0.36831105,0.0,0.0,0.068765,0.04142224,0.13202064,0.023261752,0.0,0.0,0.0,0.0,0.010814674,0.0,0.0,0.0,0.0,0.0,0.0,0.0,0.0,0.0,0.0,0.0,0.0,0.0,0.0,0.0,0.005509362,0.0457073,0.08182423,0.0,0.0,0.16344441,0.0048972107,0.0048972107,0.0,0.0,0.0,0.09406725,0.0097944215,0.0,0.0,0.0,0.0,0.0,0.0,0.0,0.0,0.0,0.0,0.0,0.0,0.0,0.0,0.0,0.0,0.0,0.0,0.0,0.0,0.0,0.0,0.0,0.0,0.0,0.0,0.0,0.0,0.0,0.0,0.0,0.0,0.0,0.0,0.0,0.0,0.0,0.0,0.21364082,0.0,0.0,0.0,0.002244555,0.0,0.0,0.0,0.0,0.003672908,0.0,0.0,0.0,0.0,0.0,0.0,0.0016324036,0.0,0.0,0.0,0.0,0.0028567063,0.0,0.0,0.0,0.0,0.0,0.005509362,0.0,0.0,0.0,0.0,0.0,0.0,0.0,0.0,0.0,0.0,0.0,0.0,0.0,0.0,0.0,0.0,0.0,0.0,0.0,0.0,0.032444023,0.004081009,0.0,0.0,0.0,0.0,0.0,0.0,0.0,0.0,0.0,0.0,0.0,0.0,0.0,0.0,0.0,0.0,0.0,0.0,0.0,0.0,0.0,0.0,0.0,0.0,0.0,0.0,0.0,0.0,0.0,0.0,0.0,0.0,0.0,0.0,0.0,0.0,0.0,0.0,0.0,0.0,0.0,0.0
womens:26.png,0.0,0.0,0.0,0.0,0.003491087,0.13929437,0.0,0.0,0.0,0.0012800652,0.025019456,0.1468584,0.0,0.0,0.003723826,0.005585739,0.028743282,0.0005818478,0.0,0.0,0.0,0.0043056738,0.0024437609,0.0,0.0,0.0,0.005353,0.009076826,0.0,0.0,0.0,0.0,0.006167587,0.0,0.0,0.0,0.0,0.0,0.0,0.0,0.0,0.0,0.0,0.0,0.0,0.0,0.0,0.0,0.0,0.0,0.0,0.0,0.0,0.0,0.0,0.0,0.0,0.0,0.0,0.0,0.0,0.0,0.0,0.0,0.0,0.0,0.0,0.0,0.0,0.0,0.0,0.0,0.0,0.0,0.0,0.0,0.0,0.0,0.0,0.0,0.0,0.0,0.0,0.0,0.0,0.0,0.0,0.0,0.0,0.0,0.0,0.0,0.0,0.0,0.0,0.0,0.0,0.0,0.0,0.0,0.0,0.047362413,0.0,0.0,0.0,0.0,0.0,0.002094652,0.0,0.0,0.0,0.0,0.0,0.0,0.0,0.0,0.0,0.0,0.0,0.0,0.0,0.0,0.0,0.0,0.0,0.0,0.0,0.0,0.0,0.0,0.0,0.0,0.0,0.0,0.0,0.0,0.0,0.0,0.0,0.0,0.0,0.0,0.0,0.0,0.0,0.0,0.0,0.0033747174,0.04328948,0.0,0.0,0.0,0.0016291739,0.017339066,0.020597413,0.0,0.0,0.0,0.007447652,0.024437608,0.0036074566,0.0015128043,0.0,0.0,0.0,0.025717674,0.0011636956,0.0029092391,0.0,0.007680391,0.012567913,0.023157543,0.0062839566,0.010473261,0.0,0.0,0.017455434,0.024670348,0.006167587,0.014080717,0.0,0.049573433,0.12079161,0.14930215,0.05865026,0.0,0.0,0.20899974,0.871608,0.32083088,0.0,0.0
womens:27.png,0.0,0.0073918384,0.048825037,0.14628059,0.53688085,0.055244263,0.0,0.0023342646,0.021008382,0.029956397,0.04260033,0.0,0.0,0.0013616544,0.015561765,0.08131022,0.010115147,0.0,0.0,0.0,0.012449412,0.09881721,0.044156507,0.0,0.0,0.0027233087,0.012838456,0.14705868,0.1190475,0.0,0.00077808823,0.0015561765,0.042016763,0.37095356,0.0,0.0,0.0,0.03229066,0.09298155,0.0,0.0,0.0,0.0,0.0,0.0,0.0,0.0,0.0,0.0,0.00058356614,0.10368025,0.04065511,0.06672107,0.057384007,0.0,0.0040849634,0.19821797,0.0,0.0,0.0,0.0,0.0,0.0,0.0,0.0,0.0,0.0,0.0,0.0,0.0,0.0,0.0,0.0,0.0,0.0,0.0,0.0,0.0,0.0,0.0,0.0,0.0,0.0,0.0,0.0,0.0,0.0,0.0,0.0,0.0,0.0,0.0,0.0,0.0,0.0,0.0,0.0,0.0,0.26863497,0.038320847,0.3217395,0.4911682,0.0,0.0,0.0,0.0,0.0,0.0,0.0,0.0,0.0,0.0,0.0,0.0,0.0,0.0,0.0,0.0,0.0,0.0,0.0,0.0,0.0,0.0,0.0,0.0,0.0,0.0,0.0,0.0,0.0,0.0,0.0,0.0,0.0,0.0,0.0,0.0,0.0,0.0,0.0,0.0,0.0,0.0,0.0,0.0,0.0,0.0,0.0,0.0,0.0,0.0,0.0,0.0,0.0,0.0,0.0,0.0,0.0,0.0,0.0,0.0,0.0,0.0,0.0,0.0,0.0,0.0,0.0,0.0,0.0,0.0,0.0,0.0,0.0,0.0,0.0,0.0,0.0,0.0,0.0,0.0,0.0,0.0,0.0,0.0,0.0,0.0,0.0,0.0,0.0,0.0
womens:23.png,0.0,0.0,0.014593186,0.0,0.0,0.0,0.0,0.0,0.02316166,0.0064263567,0.0,0.00053552975,0.0,0.0,0.020082366,0.04391344,0.08956735,0.03775485,0.0,0.035344962,0.033872258,0.048197675,0.42280075,0.15409869,0.0,0.051544737,0.1349535,0.5341909,0.6442423,0.02583931,0.0,0.0,0.09652924,0.13977326,0.051946387,0.0,0.0,0.0,0.0,0.0,0.0,0.0,0.0,0.0,0.0,0.0,0.0,0.0,0.0,0.0,0.0077651814,0.014459304,0.0,0.0,0.0,0.0065602395,0.0,0.0,0.0,0.0,0.0,0.0,0.0,0.0,0.0,0.0,0.0,0.0,0.0088362405,0.0,0.0,0.0,0.0,0.0,0.005623062,0.0,0.0,0.0,0.0,0.0,0.0066941218,0.0004016473,0.0,0.0,0.0,0.0,0.012183302,0.0,0.0,0.0,0.0,0.0,0.055962857,0.0012049419,0.0,0.0,0.0,0.0,0.0,0.0,0.0,0.0,0.0,0.0,0.0,0.0,0.0,0.0,0.0,0.0,0.0,0.0,0.0,0.0,0.0,0.0,0.0,0.0,0.0,0.0,0.0,0.0,0.0,0.0,0.0,0.0,0.0,0.0,0.0,0.0,0.0,0.0,0.0,0.003079296,0.0,0.0,0.0,0.0,0.0,0.14673515,0.023831073,0.0,0.0,0.0,0.0,0.0,0.0,0.0,0.0,0.0,0.0,0.0,0.0,0.0,0.0,0.0,0.0,0.0,0.0,0.0,0.0,0.0,0.0,0.0,0.0,0.0,0.0,0.0,0.0,0.0,0.0,0.0,0.0,0.0,0.0,0.02691037,0.0,0.0,0.0,0.0,0.011112242,0.0,0.0,0.0,0.0,0.0,0.0,0.0,0.0,0.0,0.0,0.0
